id,first_name,last_name,email,gender,ip_address
1,Erastus,Swaisland,eswaisland0@mapy.cz,Polygender,182.234.72.150
2,Deeyn,Perllman,dperllman1@china.com.cn,Genderfluid,141.149.80.129
3,Zena,Maloney,zmaloney2@g.co,Genderqueer,87.199.114.28
4,Kirsti,Pirot,kpirot3@cdc.gov,Female,244.53.229.73
5,Karlee,Sigward,ksigward4@printfriendly.com,Male,37.250.235.233
6,Sherman,Burdytt,sburdytt5@csmonitor.com,Genderfluid,53.123.85.104
7,Daffie,Wallentin,dwallentin6@patch.com,Agender,21.138.189.177
8,Davine,Pudsey,dpudsey7@weibo.com,Genderfluid,226.180.137.135
9,Ginnie,Tipton,gtipton8@mediafire.com,Male,35.162.203.121
10,Jacky,Pounds,jpounds9@cmu.edu,Male,63.249.232.88
11,Brendis,Tugwell,btugwella@boston.com,Female,84.12.239.112
12,Susann,Kesterton,skestertonb@abc.net.au,Agender,171.176.193.198
13,Gillie,Bissiker,gbissikerc@vimeo.com,Agender,133.217.156.215
14,Clementius,Clingoe,cclingoed@java.com,Non-binary,187.25.161.200
15,Brig,Maggiore,bmaggioree@baidu.com,Bigender,14.231.41.103
16,Roze,Shimon,rshimonf@amazon.de,Agender,166.19.157.78
17,Aubrey,Gaish,agaishg@github.io,Polygender,102.252.128.100
18,Beauregard,Kirmond,bkirmondh@flickr.com,Male,82.1.179.214
19,Juliane,Kevane,jkevanei@chron.com,Bigender,73.211.26.149
20,Bobbe,Beernt,bbeerntj@google.es,Polygender,43.12.84.153
21,Huntley,Pettitt,hpettittk@pcworld.com,Female,240.100.231.38
22,Hermia,Ilem,hileml@imageshack.us,Genderqueer,122.99.60.200
23,Holt,Mason,hmasonm@va.gov,Genderqueer,201.219.17.153
24,Tabitha,McGreal,tmcgrealn@indiegogo.com,Genderqueer,57.243.65.142
25,Taylor,Olyonov,tolyonovo@multiply.com,Agender,30.107.21.49
26,Spenser,Zukerman,szukermanp@psu.edu,Polygender,53.40.108.32
27,Babita,Theyer,btheyerq@latimes.com,Polygender,146.225.90.237
28,Maurie,Dullaghan,mdullaghanr@storify.com,Male,63.244.223.150
29,Ashlee,Jedras,ajedrass@cbsnews.com,Genderqueer,153.246.150.37
30,Waite,Iacobini,wiacobinit@yandex.ru,Bigender,89.210.250.167
